Iterations,Rows,Cols,OverallTime,WorkTime
14,5000,5000,3.971400,3.431637
14,10000,10000,15.066998,13.734637
14,20000,20000,60.039878,55.111833
14,40000,40000,238.731445,219.098586
