Iterations, Rows, Cols, OverallTime, WorkTime, DiffTime,
14,5000,5000,5.331420,3.226635,2.104785,1
14,10000,10000,22.858713,11.394585,11.464128,1
